Algorithm,Number of Nodes,Is Complete,Final Fitness,Plato,Time,Seed,Fitness List,Final State
Genetic,8,True,6,142,1.0107769966125488,910873,"[7, 7, 7, 7, 7, 7, 7, 7, 6, 6, 6, 6]","{0: [2, 5, 7, 3, 1, 6, 4], 1: [4, 7, 6, 0, 3, 5, 2], 2: [1, 6, 0, 7, 5, 3, 4], 3: [1, 7, 6, 5, 2, 0, 4], 4: [5, 0, 1, 3, 7, 2, 6], 5: [7, 6, 1, 2, 0, 3, 4], 6: [7, 2, 5, 4, 0, 3, 1], 7: [4, 0, 2, 3, 6, 1, 5]}"
Genetic,8,True,6,84,0.5801792144775391,895461,"[8, 7, 7, 7, 7, 7, 7, 6, 6, 6, 6, 6]","{0: [5, 6, 3, 4, 7, 2, 1], 1: [3, 6, 0, 4, 2, 7, 5], 2: [7, 3, 4, 1, 0, 5, 6], 3: [4, 5, 2, 0, 7, 1, 6], 4: [3, 0, 7, 6, 5, 1, 2], 5: [4, 0, 6, 3, 1, 2, 7], 6: [4, 7, 2, 0, 3, 5, 1], 7: [6, 3, 0, 4, 5, 1, 2]}"
Genetic,8,True,6,93,0.6333861351013184,677599,"[7, 7, 7, 7, 7, 7, 7, 6, 6, 6, 6, 6]","{0: [6, 5, 4, 7, 3, 2, 1], 1: [2, 4, 7, 5, 0, 3, 6], 2: [4, 0, 1, 6, 5, 3, 7], 3: [6, 2, 5, 1, 4, 0, 7], 4: [0, 6, 1, 2, 3, 7, 5], 5: [4, 2, 6, 1, 7, 0, 3], 6: [0, 5, 7, 4, 1, 2, 3], 7: [6, 2, 4, 3, 0, 5, 1]}"
Genetic,8,True,6,211,1.4410009384155271,821539,"[8, 8, 7, 7, 7, 7, 7, 7, 6, 6, 6, 6]","{0: [3, 4, 2, 1, 5, 7, 6], 1: [6, 3, 4, 0, 2, 5, 7], 2: [5, 4, 3, 7, 6, 1, 0], 3: [7, 1, 0, 4, 5, 6, 2], 4: [7, 5, 0, 6, 1, 2, 3], 5: [7, 6, 4, 1, 2, 0, 3], 6: [1, 2, 5, 0, 7, 3, 4], 7: [4, 6, 0, 2, 3, 5, 1]}"
Genetic,8,True,6,289,1.9682550430297847,883325,"[7, 7, 7, 7, 7, 7, 7, 7, 7, 6, 6, 6]","{0: [7, 2, 5, 4, 1, 6, 3], 1: [5, 6, 7, 4, 2, 0, 3], 2: [4, 6, 1, 3, 7, 0, 5], 3: [4, 5, 7, 6, 0, 1, 2], 4: [2, 7, 0, 6, 5, 3, 1], 5: [6, 2, 4, 7, 1, 0, 3], 6: [1, 5, 0, 3, 2, 4, 7], 7: [5, 1, 6, 3, 0, 2, 4]}"
Genetic,8,True,6,34,0.2381067276000976,361602,"[7, 7, 7, 7, 7, 6, 6, 6, 6, 6, 6]","{0: [2, 6, 7, 4, 3, 1, 5], 1: [5, 7, 2, 3, 6, 4, 0], 2: [6, 5, 7, 0, 4, 3, 1], 3: [2, 5, 7, 1, 6, 0, 4], 4: [7, 2, 0, 6, 3, 5, 1], 5: [1, 6, 4, 3, 7, 2, 0], 6: [0, 2, 7, 5, 3, 4, 1], 7: [5, 4, 0, 3, 2, 6, 1]}"
Genetic,8,True,6,3,0.066523790359497,214216,"[6, 6, 6, 6, 6, 6, 6, 6, 6, 6, 6, 6, 6]","{0: [1, 6, 7, 4, 5, 3, 2], 1: [0, 3, 2, 5, 6, 7, 4], 2: [0, 5, 1, 6, 4, 7, 3], 3: [0, 1, 4, 6, 7, 5, 2], 4: [0, 7, 6, 1, 2, 3, 5], 5: [0, 4, 3, 1, 2, 7, 6], 6: [3, 0, 4, 2, 5, 1, 7], 7: [0, 1, 5, 3, 6, 2, 4]}"
